{
  "title": "Untitled Project",
  "description": "",
  "head": "<meta charset=\"UTF-8\" />\n<meta name=\"viewport\" content=\"width=device-width, initial-scale=1.0\" />",
  "htmlAttrs": "lang=\"en\" class=\"\"",
  "tags": [],
  "autoupdate": true,
  "autosave": false,
  "autotest": false,
  "delay": 1500,
  "formatOnsave": false,
  "view": "split",
  "mode": "full",
  "theme": "dark",
  "layout": "responsive",
  "recoverUnsaved": true,
  "showSpacing": false,
  "welcome": true,
  "readonly": false,
  "allowLangChange": true,
  "activeEditor": "script",
  "markup": {
    "language": "html",
    "content": ""
  },
  "style": {
    "language": "css",
    "content": ".container,\n.container button {\n  text-align: center;\n  font: 1em sans-serif;\n}\n.logo {\n  width: 150px;\n}\n"
  },
  "script": {
    "language": "react",
    "content": "import React, { useState } from 'react';\n\nfunction App() {\n  const [view, setView] = useState('list');\n  const [selectedAndroid, setSelectedAndroid] = useState(null);\n  const [searchQuery, setSearchQuery] = useState('');\n  const [currentPage, setCurrentPage] = useState(1);\n  const androidsPerPage = 6;\n\n  // Android data with added purpose/task, work field and organization website\n  const androids = [\n    {\n      id: 1,\n      model: \"XR-7\",\n      capabilities: [\"Сканирование\", \"Анализ\", \"Связь\"],\n      softwareVersion: \"2.3.1\",\n      lastUpdate: \"2025-05-12\",\n      organization: \"MilTech Industries\",\n      organizationWebsite: \"\",\n      status: \"Активен\",\n      location: \"Сектор 7-B\",\n      purpose: \"Стратегическая разведка и анализ данных в полевых условиях\",\n      field: \"Анализ и разведка\"\n    },\n    {\n      id: 2,\n      model: \"Guardian-9\",\n      capabilities: [\"Охрана\", \"Распознавание\", \"Защита\"],\n      softwareVersion: \"3.1.0\",\n      lastUpdate: \"2025-06-03\",\n      organization: \"Defense Robotics\",\n      organizationWebsite: \"\",\n      status: \"Активен\",\n      location: \"Сектор 3-A\",\n      purpose: \"Обеспечение безопасности объектов и персонала\",\n      field: \"Охрана и безопасность\"\n    },\n    {\n      id: 3,\n      model: \"MediBot-3\",\n      capabilities: [\"Диагностика\", \"Первая помощь\", \"Мониторинг\"],\n      softwareVersion: \"4.2.5\",\n      lastUpdate: \"2025-06-15\",\n      organization: \"MediTech Solutions\",\n      organizationWebsite: \"\",\n      status: \"Активен\",\n      location: \"Медицинский блок\",\n      purpose: \"Оказание медицинской помощи и мониторинг состояния пациентов\",\n      field: \"Медицина\"\n    },\n    {\n      id: 4,\n      model: \"Psycho-Interface X\",\n      capabilities: [\"Эмоциональный анализ\", \"Психотерапия\", \"Общение\"],\n      softwareVersion: \"5.0.2\",\n      lastUpdate: \"2025-05-28\",\n      organization: \"NeuroSystems\",\n      organizationWebsite: \"\",\n      status: \"Неактивен\",\n      location: \"Техническое обслуживание\",\n      purpose: \"Психологическая поддержка и анализ психического состояния\",\n      field: \"Психология\"\n    },\n    {\n      id: 5,\n      model: \"ChatAssist Pro\",\n      capabilities: [\"Естественный язык\", \"Информационный поиск\", \"Помощь\"],\n      softwareVersion: \"6.1.8\",\n      lastUpdate: \"2025-06-10\",\n      organization: \"AI Communications\",\n      organizationWebsite: \"\",\n      status: \"Активен\",\n      location: \"Административный сектор\",\n      purpose: \"Обеспечение коммуникационной поддержки и информационной помощи\",\n      field: \"Чат-помощник\"\n    },\n    {\n      id: 6,\n      model: \"Tactical-7\",\n      capabilities: [\"Стратегическое планирование\", \"Тактический анализ\", \"Связь\"],\n      softwareVersion: \"3.8.4\",\n      lastUpdate: \"2025-05-20\",\n      organization: \"Military Systems\",\n      organizationWebsite: \"\",\n      status: \"Активен\",\n      location: \"Командный центр\",\n      purpose: \"Планирование тактических операций и анализ ситуаций\",\n      field: \"Тактическое планирование\"\n    },\n    {\n      id: 7,\n      model: \"NanoTech-12\",\n      capabilities: [\"Нанотехнологии\", \"Ремонт\", \"Анализ\"],\n      softwareVersion: \"7.3.2\",\n      lastUpdate: \"2025-06-01\",\n      organization: \"NanoCorp\",\n      organizationWebsite: \"\",\n      status: \"Активен\",\n      location: \"Исследовательская лаборатория\",\n      purpose: \"Выполнение микроскопических ремонтных работ и исследований\",\n      field: \"Нанотехнологии\"\n    },\n    {\n      id: 8,\n      model: \"EcoMonitor-5\",\n      capabilities: [\"Экологический мониторинг\", \"Анализ данных\", \"Связь\"],\n      softwareVersion: \"2.9.7\",\n      lastUpdate: \"2025-05-18\",\n      organization: \"EcoSystems\",\n      organizationWebsite: \"\",\n      status: \"Активен\",\n      location: \"Экологический сектор\",\n      purpose: \"Мониторинг экологических параметров и анализ окружающей среды\",\n      field: \"Экологический мониторинг\"\n    },\n    {\n      id: 9,\n      model: \"EduBot-4\",\n      capabilities: [\"Образование\", \"Преподавание\", \"Оценка\"],\n      softwareVersion: \"5.6.3\",\n      lastUpdate: \"2025-06-08\",\n      organization: \"EdTech\",\n      organizationWebsite: \"\",\n      status: \"Активен\",\n      location: \"Образовательный центр\",\n      purpose: \"Предоставление образовательных услуг и оценка знаний\",\n      field: \"Образование\"\n    },\n    {\n      id: 10,\n      model: \"Logistics-3000\",\n      capabilities: [\"Управление запасами\", \"Планирование\", \"Координация\"],\n      softwareVersion: \"4.4.0\",\n      lastUpdate: \"2025-06-05\",\n      organization: \"LogiSystems\",\n      organizationWebsite: \"\",\n      status: \"Активен\",\n      location: \"Складской комплекс\",\n      purpose: \"Оптимизация логистических процессов и управление запасами\",\n      field: \"Логистика\"\n    }\n  ];\n\n  // Filter androids by search query\n  const filteredAndroids = androids.filter(android => {\n    const searchLower = searchQuery.toLowerCase();\n    return (\n      android.model.toLowerCase().includes(searchLower) ||\n      android.organization.toLowerCase().includes(searchLower)\n    );\n  });\n\n  // Calculate number of pages\n  const totalPages = Math.ceil(filteredAndroids.length / androidsPerPage);\n\n  // Get androids for current page\n  const indexOfLastAndroid = currentPage * androidsPerPage;\n  const indexOfFirstAndroid = indexOfLastAndroid - androidsPerPage;\n  const currentAndroids = filteredAndroids.slice(indexOfFirstAndroid, indexOfLastAndroid);\n\n  // Function for pagination\n  const paginate = (pageNumber) => {\n    if (pageNumber >= 1 && pageNumber <= totalPages) {\n      setCurrentPage(pageNumber);\n    }\n  };\n\n  return (\n    <div style={{ \n      minHeight: '100vh', \n      background: 'linear-gradient(135deg, #050520 0%, #0a0a2a 100%)',\n      color: '#e6e6e6',\n      padding: '0',\n      fontFamily: \"'Orbitron', 'Rajdhani', sans-serif\",\n      position: 'relative',\n      display: 'flex',\n      flexDirection: 'column'\n    }}>\n      {/* Neon grid background */}\n      <div style={{\n        position: 'absolute',\n        top: 0,\n        left: 0,\n        right: 0,\n        bottom: 0,\n        backgroundImage: 'linear-gradient(rgba(0, 128, 255, 0.05) 1px, transparent 1px), linear-gradient(90deg, rgba(0, 128, 255, 0.05) 1px, transparent 1px)',\n        backgroundSize: '20px 20px',\n        pointerEvents: 'none',\n        zIndex: 1\n      }}></div>\n      \n      {/* Top bar */}\n      <div style={{\n        backgroundColor: 'rgba(10, 10, 42, 0.8)',\n        padding: '15px 20px',\n        display: 'flex',\n      }}>\n        {/* Logo */}\n        <div style={{\n          width: '60px',\n          height: '60px',\n          position: 'relative',\n          marginRight: '20px'\n        }}>\n          <div style={{\n            position: 'absolute',\n            top: 0,\n            left: 0,\n            right: 0,\n            bottom: 0,\n            border: '2px solid #00ffff',\n            borderRadius: '10px',\n            boxShadow: '0 0 10px #00ffff, inset 0 0 10px #00ffff',\n            animation: 'pulse 2s infinite alternate',\n            zIndex: 2\n          }}></div>\n          <div style={{\n            position: 'absolute',\n            top: '10px',\n            left: '10px',\n            right: '10px',\n            bottom: '10px',\n            border: '2px solid #ff00ff',\n            borderRadius: '5px',\n            boxShadow: '0 0 10px #ff00ff, inset 0 0 10px #ff00ff',\n            zIndex: 3\n          }}></div>\n          <div style={{\n            position: 'absolute',\n            top: '25px',\n            left: '25px',\n            width: '10px',\n            height: '10px',\n            backgroundColor: '#00ffff',\n            borderRadius: '50%',\n            boxShadow: '0 0 5px #00ffff',\n            zIndex: 4\n          }}></div>\n        </div>\n        \n        <div style={{ flex: 1 }}>\n          <h1 style={{ \n            color: '#00ffff', \n            margin: '0',\n            fontSize: '1.8rem',\n            fontWeight: '700',\n            letterSpacing: '2px',\n            textShadow: '0 0 10px #00ffff'\n          }}>\n            CYBER-ANDROID DB\n          </h1>\n          <div style={{\n            height: '3px',\n            background: 'linear-gradient(90deg, #00ffff 0%, #ff00ff 100%)',\n            marginTop: '5px',\n            boxShadow: '0 0 5px #00ffff'\n          }}></div>\n        </div>\n        \n        {/* Search bar */}\n        <div style={{\n          position: 'relative',\n          width: '300px',\n          marginLeft: '20px'\n        }}>\n          <input\n            type=\"text\"\n            placeholder=\"Поиск по названию или организации...\"\n            value={searchQuery}\n            onChange={(e) => {\n              setSearchQuery(e.target.value);\n              setCurrentPage(1);\n            }}\n            style={{\n              width: '100%',\n              padding: '10px 15px',\n              border: '1px solid #00ffff',\n              backgroundColor: 'rgba(10, 10, 42, 0.8)',\n              color: '#e6e6e6',\n              fontSize: '14px',\n              fontFamily: \"'Orbitron', 'Rajdhani', sans-serif\",\n              borderRadius: '5px',\n              boxShadow: '0 0 10px rgba(0, 255, 255, 0.3)',\n              transition: 'all 0.3s ease',\n            }}\n            onFocus={(e) => {\n              e.target.style.boxShadow = '0 0 15px rgba(0, 255, 255, 0.6)';\n              e.target.style.borderColor = '#ff00ff';\n            }}\n            onBlur={(e) => {\n              e.target.style.boxShadow = '0 0 10px rgba(0, 255, 255, 0.3)';\n              e.target.style.borderColor = '#00ffff';\n            }}\n          />\n          <div style={{\n            position: 'absolute',\n            top: '50%',\n            right: '15px',\n            transform: 'translateY(-50%)',\n            width: '10px',\n            height: '10px',\n            border: '2px solid #00ffff',\n            borderRadius: '50%',\n            boxShadow: '0 0 5px #00ffff'\n          }}></div>\n        </div>\n      </div>\n      \n      {/* Main content */}\n      {view === 'list' && (\n        <div style={{ \n          flex: 1,\n          padding: '30px',\n          display: 'grid',\n          gridTemplateColumns: 'repeat(auto-fill, minmax(280px, 1fr))',\n          gap: '25px',\n          overflowY: 'auto',\n          position: 'relative',\n          zIndex: 2\n        }}>\n          {currentAndroids.map(android => (\n            <div \n              key={android.id}\n              style={{\n                background: 'rgba(10, 10, 42, 0.7)',\n                padding: '20px',\n                borderRadius: '10px',\n                cursor: 'pointer',\n                transition: 'all 0.3s ease',\n                border: '1px solid rgba(0, 255, 255, 0.2)',\n                position: 'relative',\n                overflow: 'hidden',\n                boxShadow: '0 0 15px rgba(0, 255, 255, 0.1)'\n              }}\n              onClick={() => {\n                setSelectedAndroid(android);\n                setView('details');\n              }}\n              onMouseOver={(e) => {\n                e.currentTarget.style.transform = 'translateY(-5px)';\n                e.currentTarget.style.boxShadow = '0 0 20px rgba(0, 255, 255, 0.3)';\n                e.currentTarget.style.borderColor = 'rgba(0, 255, 255, 0.5)';\n              }}\n              onMouseOut={(e) => {\n                e.currentTarget.style.transform = 'translateY(0)';\n                e.currentTarget.style.boxShadow = '0 0 15px rgba(0, 255, 255, 0.1)';\n                e.currentTarget.style.borderColor = 'rgba(0, 255, 255, 0.2)';\n              }}\n            >\n              {/* Status indicator */}\n              <div style={{\n                position: 'absolute',\n                top: 0,\n                left: 0,\n                right: 0,\n                height: '3px',\n                background: android.status === 'Активен' ? \n                  'linear-gradient(90deg, #00ff00 0%, #00ffff 100%)' : \n                  'linear-gradient(90deg, #ff0000 0%, #ff00ff 100%)',\n                boxShadow: android.status === 'Активен' ? \n                  '0 0 5px #00ff00' : \n                  '0 0 5px #ff0000'\n              }}></div>\n              \n              <h3 style={{ \n                color: '#00ffff', \n                margin: '0 0 15px 0',\n                fontWeight: '500',\n                fontSize: '1.2rem',\n                textShadow: '0 0 5px #00ffff'\n              }}>\n                {android.model}\n              </h3>\n              \n              <div style={{ \n                display: 'flex',\n                justifyContent: 'space-between',\n                marginBottom: '15px'\n              }}>\n                <div>\n                  <p style={{ \n                    color: '#00ffff', \n                    margin: '0 0 5px 0',\n                    fontSize: '0.9rem'\n                  }}>\n                    Версия ПО:\n                  </p>\n                  <p style={{ \n                    color: '#ffffff', \n                    margin: '0',\n                    fontWeight: '500'\n                  }}>\n                    {android.softwareVersion}\n                  </p>\n                </div>\n                <div>\n                  <p style={{ \n                    color: '#00ffff', \n                    margin: '0 0 5px 0',\n                    fontSize: '0.9rem',\n                    textAlign: 'right'\n                  }}>\n                    Обновление:\n                  </p>\n                  <p style={{ \n                    color: '#ffffff', \n                    margin: '0',\n                    fontSize: '0.9rem',\n                    textAlign: 'right'\n                  }}>\n                    {android.lastUpdate}\n                  </p>\n                </div>\n              </div>\n              \n              <div style={{ \n                display: 'flex',\n                justifyContent: 'space-between',\n                alignItems: 'center'\n              }}>\n                <div>\n                  <p style={{ \n                    color: '#00ffff', \n                    margin: '0 0 5px 0',\n                    fontSize: '0.9rem'\n                  }}>\n                    Организация:\n                  </p>\n                  <p style={{ \n                    color: '#ffffff', \n                    margin: '0',\n                    fontSize: '0.9rem'\n                  }}>\n                    {android.organization}\n                  </p>\n                </div>\n                <div style={{ \n                  padding: '5px 10px',\n                  backgroundColor: android.status === 'Активен' ? \n                    'rgba(0, 255, 0, 0.2)' : \n                    'rgba(255, 0, 0, 0.2)',\n                  color: android.status === 'Активен' ? '#00ff00' : '#ff0000',\n                  borderRadius: '20px',\n                  fontSize: '0.8rem',\n                  fontWeight: 'bold',\n                  boxShadow: android.status === 'Активен' ? \n                    '0 0 5px #00ff00' : \n                    '0 0 5px #ff0000'\n                }}>\n                  {android.status}\n                </div>\n              </div>\n            </div>\n          ))}\n          \n          {/* Message if nothing found */}\n          {currentAndroids.length === 0 && (\n            <div style={{ \n              gridColumn: '1 / -1',\n              textAlign: 'center', \n              padding: '40px', \n              color: '#00ffff',\n              fontSize: '16px'\n            }}>\n              Ничего не найдено по запросу \"{searchQuery}\"\n            </div>\n          )}\n          \n          {/* Pagination */}\n          {totalPages > 1 && (\n            <div style={{ \n              gridColumn: '1 / -1',\n              display: 'flex', \n              justifyContent: 'center', \n              marginTop: '30px',\n              gap: '10px'\n            }}>\n              <button\n                onClick={() => paginate(currentPage - 1)}\n                disabled={currentPage === 1}\n                style={{\n                  padding: '8px 15px',\n                  backgroundColor: currentPage === 1 ? 'rgba(10, 10, 42, 0.5)' : 'rgba(10, 10, 42, 0.8)',\n                  color: currentPage === 1 ? '#555' : '#00ffff',\n                  border: '1px solid ' + (currentPage === 1 ? '#333' : '#00ffff'),\n                  borderRadius: '5px',\n                  cursor: currentPage === 1 ? 'not-allowed' : 'pointer',\n                  fontFamily: \"'Orbitron', 'Rajdhani', sans-serif\",\n                  fontWeight: '500',\n                  transition: 'all 0.2s ease'\n                }}\n              >\n                Назад\n              </button>\n              \n              <span style={{ \n                padding: '8px 15px',\n                backgroundColor: 'rgba(0, 255, 255, 0.2)',\n                color: '#00ffff',\n                border: '1px solid #00ffff',\n                borderRadius: '5px',\n                fontFamily: \"'Orbitron', 'Rajdhani', sans-serif\",\n                fontWeight: '500',\n                textShadow: '0 0 5px #00ffff'\n              }}>\n                Страница {currentPage} из {totalPages}\n              </span>\n              \n              <button\n                onClick={() => paginate(currentPage + 1)}\n                disabled={currentPage === totalPages}\n                style={{\n                  padding: '8px 15px',\n                  backgroundColor: currentPage === totalPages ? 'rgba(10, 10, 42, 0.5)' : 'rgba(10, 10, 42, 0.8)',\n                  color: currentPage === totalPages ? '#555' : '#00ffff',\n                  border: '1px solid ' + (currentPage === totalPages ? '#333' : '#00ffff'),\n                  borderRadius: '5px',\n                  cursor: currentPage === totalPages ? 'not-allowed' : 'pointer',\n                  fontFamily: \"'Orbitron', 'Rajdhani', sans-serif\",\n                  fontWeight: '500',\n                  transition: 'all 0.2s ease'\n                }}\n              >\n                Вперед\n              </button>\n            </div>\n          )}\n        </div>\n      )}\n\n      {view === 'details' && selectedAndroid && (\n        <div style={{ \n          position: 'fixed',\n          top: 0,\n          left: 0,\n          right: 0,\n          bottom: 0,\n          backgroundColor: 'rgba(0, 0, 0, 0.8)',\n          display: 'flex',\n          justifyContent: 'center',\n          alignItems: 'center',\n          zIndex: 100\n        }}>\n          <div style={{ \n            background: 'rgba(10, 10, 42, 0.95)',\n            padding: '30px',\n            borderRadius: '15px',\n            maxWidth: '800px',\n            width: '90%',\n            position: 'relative',\n            border: '1px solid rgba(0, 255, 255, 0.3)',\n            boxShadow: '0 0 30px rgba(0, 255, 255, 0.2)',\n            maxHeight: '90vh',\n            overflowY: 'auto'\n          }}>\n            {/* Status indicator */}\n            <div style={{\n              position: 'absolute',\n              top: 0,\n              left: 0,\n              right: 0,\n              height: '5px',\n              background: selectedAndroid.status === 'Активен' ? \n                'linear-gradient(90deg, #00ff00 0%, #00ffff 100%)' : \n                'linear-gradient(90deg, #ff0000 0%, #ff00ff 100%)',\n              boxShadow: selectedAndroid.status === 'Активен' ? \n                '0 0 8px #00ff00' : \n                '0 0 8px #ff0000'\n            }}></div>\n            \n            {/* Close button */}\n            <button \n              onClick={() => setView('list')}\n              style={{\n                position: 'absolute',\n                top: '15px',\n                right: '15px',\n                background: 'rgba(0, 0, 0, 0.5)',\n                border: '1px solid #00ffff',\n                color: '#00ffff',\n                fontSize: '20px',\n                cursor: 'pointer',\n                padding: '5px 10px',\n                borderRadius: '5px',\n                fontFamily: \"'Orbitron', 'Rajdhani', sans-serif\",\n                transition: 'all 0.3s ease'\n              }}\n              onMouseOver={(e) => {\n                e.currentTarget.style.backgroundColor = 'rgba(0, 255, 255, 0.2)';\n                e.currentTarget.style.boxShadow = '0 0 10px #00ffff';\n              }}\n              onMouseOut={(e) => {\n                e.currentTarget.style.backgroundColor = 'rgba(0, 0, 0, 0.5)';\n                e.currentTarget.style.boxShadow = 'none';\n              }}\n            >\n              ✕\n            </button>\n            \n            <h2 style={{ \n              color: '#00ffff', \n              margin: '0 0 30px 0',\n              textAlign: 'center',\n              fontSize: '1.8rem',\n              fontWeight: '500',\n              textShadow: '0 0 8px #00ffff'\n            }}>\n              Детали: {selectedAndroid.model}\n            </h2>\n            \n            <div style={{ \n              display: 'grid',\n              gridTemplateColumns: '1fr 1fr',\n              gap: '20px',\n              marginBottom: '30px'\n            }}>\n              <div>\n                <p style={{ \n                  color: '#00ffff', \n                  margin: '0 0 8px 0',\n                  fontSize: '0.9rem',\n                  textTransform: 'uppercase',\n                  letterSpacing: '1px'\n                }}>\n                  Модель:\n                </p>\n                <p style={{ \n                  margin: '0',\n                  fontSize: '1.1rem',\n                  fontWeight: '500',\n                  color: '#ffffff'\n                }}>\n                  {selectedAndroid.model}\n                </p>\n              </div>\n              \n              <div>\n                <p style={{ \n                  color: '#00ffff', \n                  margin: '0 0 8px 0',\n                  fontSize: '0.9rem',\n                  textTransform: 'uppercase',\n                  letterSpacing: '1px'\n                }}>\n                  Серийный номер:\n                </p>\n                <p style={{ \n                  margin: '0',\n                  fontSize: '1.1rem',\n                  fontWeight: '500',\n                  color: '#ffffff'\n                }}>\n                  {selectedAndroid.id}00{selectedAndroid.id}0\n                </p>\n              </div>\n              \n              <div>\n                <p style={{ \n                  color: '#00ffff', \n                  margin: '0 0 8px 0',\n                  fontSize: '0.9rem',\n                  textTransform: 'uppercase',\n                  letterSpacing: '1px'\n                }}>\n                  Версия ПО:\n                </p>\n                <p style={{ \n                  margin: '0',\n                  fontSize: '1.1rem',\n                  fontWeight: '500',\n                  color: '#ffffff'\n                }}>\n                  {selectedAndroid.softwareVersion}\n                </p>\n              </div>\n              \n              <div>\n                <p style={{ \n                  color: '#00ffff', \n                  margin: '0 0 8px 0',\n                  fontSize: '0.9rem',\n                  textTransform: 'uppercase',\n                  letterSpacing: '1px'\n                }}>\n                  Последнее обновление:\n                </p>\n                <p style={{ \n                  margin: '0',\n                  fontSize: '1.1rem',\n                  fontWeight: '500',\n                  color: '#ffffff'\n                }}>\n                  {selectedAndroid.lastUpdate}\n                </p>\n              </div>\n              \n              <div>\n                <p style={{ \n                  color: '#00ffff', \n                  margin: '0 0 8px 0',\n                  fontSize: '0.9rem',\n                  textTransform: 'uppercase',\n                  letterSpacing: '1px'\n                }}>\n                  Организация:\n                </p>\n                <p style={{ \n                  margin: '0',\n                  fontSize: '1.1rem',\n                  fontWeight: '500',\n                  color: '#ffffff'\n                }}>\n                  {selectedAndroid.organization}\n                </p>\n              </div>\n              \n              <div>\n                <p style={{ \n                  color: '#00ffff', \n                  margin: '0 0 8px 0',\n                  fontSize: '0.9rem',\n                  textTransform: 'uppercase',\n                  letterSpacing: '1px'\n                }}>\n                  Сайт организации:\n                </p>\n                <a \n                  href=\"#\" \n                  style={{ \n                    margin: '0', \n                    color: '#00ffff',\n                    textDecoration: 'underline',\n                    fontSize: '1.1rem',\n                    fontWeight: '500',\n                    display: 'block'\n                  }}\n                  target=\"_blank\"\n                  rel=\"noopener noreferrer\"\n                >\n                  {selectedAndroid.organizationWebsite || \"Н/Д\"}\n                </a>\n              </div>\n              \n              <div>\n                <p style={{ \n                  color: '#00ffff', \n                  margin: '0 0 8px 0',\n                  fontSize: '0.9rem',\n                  textTransform: 'uppercase',\n                  letterSpacing: '1px'\n                }}>\n                  Состояние:\n                </p>\n                <p style={{ \n                  margin: '0',\n                  fontSize: '1.1rem',\n                  fontWeight: '500',\n                  color: selectedAndroid.status === 'Активен' ? '#00ff00' : '#ff0000',\n                  textShadow: selectedAndroid.status === 'Активен' ? \n                    '0 0 5px #00ff00' : \n                    '0 0 5px #ff0000'\n                }}>\n                  {selectedAndroid.status}\n                </p>\n              </div>\n              \n              <div>\n                <p style={{ \n                  color: '#00ffff', \n                  margin: '0 0 8px 0',\n                  fontSize: '0.9rem',\n                  textTransform: 'uppercase',\n                  letterSpacing: '1px'\n                }}>\n                  Сфера работы:\n                </p>\n                <p style={{ \n                  margin: '0',\n                  fontSize: '1.1rem',\n                  fontWeight: '500',\n                  color: '#ffffff'\n                }}>\n                  {selectedAndroid.field}\n                </p>\n              </div>\n              \n              <div>\n                <p style={{ \n                  color: '#00ffff', \n                  margin: '0 0 8px 0',\n                  fontSize: '0.9rem',\n                  textTransform: 'uppercase',\n                  letterSpacing: '1px'\n                }}>\n                  Цель/задача:\n                </p>\n                <p style={{ \n                  margin: '0',\n                  fontSize: '1.1rem',\n                  fontWeight: '500',\n                  color: '#ffffff'\n                }}>\n                  {selectedAndroid.purpose}\n                </p>\n              </div>\n            </div>\n            \n            <div style={{ marginBottom: '30px' }}>\n              <p style={{ \n                color: '#00ffff', \n                margin: '0 0 15px 0',\n                fontSize: '0.9rem',\n                textTransform: 'uppercase',\n                letterSpacing: '1px'\n              }}>\n                Возможности:\n              </p>\n              <div style={{ \n                display: 'flex',\n                flexWrap: 'wrap',\n                gap: '10px'\n              }}>\n                {selectedAndroid.capabilities.map((cap, index) => (\n                  <div key={index} style={{ \n                    padding: '8px 15px',\n                    backgroundColor: 'rgba(0, 255, 255, 0.2)',\n                    border: '1px solid rgba(0, 255, 255, 0.3)',\n                    borderRadius: '20px',\n                    fontSize: '0.9rem',\n                    color: '#00ffff',\n                    boxShadow: '0 0 5px rgba(0, 255, 255, 0.2)'\n                  }}>\n                    {cap}\n                  </div>\n                ))}\n              </div>\n            </div>\n            \n            <div>\n              <p style={{ \n                color: '#00ffff', \n                margin: '0 0 8px 0',\n                fontSize: '0.9rem',\n                textTransform: 'uppercase',\n                letterSpacing: '1px'\n              }}>\n                Местоположение:\n              </p>\n              <p style={{ \n                margin: '0',\n                fontSize: '1.1rem',\n                fontWeight: '500',\n                color: '#ffffff'\n              }}>\n                {selectedAndroid.location}\n              </p>\n            </div>\n          </div>\n        </div>\n      )}\n    </div>\n  );\n}\n\nexport default App;"
  },
  "stylesheets": [],
  "scripts": [],
  "cssPreset": "",
  "imports": {},
  "types": {},
  "tests": {
    "language": "typescript",
    "content": ""
  },
  "tools": {
    "enabled": "all",
    "active": "console",
    "status": "closed"
  },
  "zoom": 1,
  "processors": [],
  "customSettings": {},
  "useTabs": false,
  "tabSize": 2,
  "lineNumbers": true,
  "wordWrap": false,
  "closeBrackets": true,
  "foldRegions": false,
  "semicolons": true,
  "singleQuote": false,
  "trailingComma": true,
  "emmet": true,
  "enableAI": false,
  "version": "46"
}