{
  "title": "Untitled Project",
  "description": "",
  "head": "<meta charset=\"UTF-8\" />\n<meta name=\"viewport\" content=\"width=device-width, initial-scale=1.0\" />",
  "htmlAttrs": "lang=\"en\" class=\"\"",
  "tags": [],
  "autoupdate": true,
  "autosave": false,
  "autotest": false,
  "delay": 1500,
  "formatOnsave": false,
  "view": "split",
  "mode": "full",
  "theme": "dark",
  "layout": "responsive",
  "recoverUnsaved": true,
  "showSpacing": false,
  "welcome": true,
  "readonly": false,
  "allowLangChange": true,
  "activeEditor": "script",
  "markup": {
    "language": "html",
    "content": ""
  },
  "style": {
    "language": "css",
    "content": ".container,\n.container button {\n  text-align: center;\n  font: 1em sans-serif;\n}\n.logo {\n  width: 150px;\n}\n"
  },
  "script": {
    "language": "react",
    "content": "import React, { useState } from 'react';\n\nfunction App() {\n  const [view, setView] = useState('list');\n  const [selectedAndroid, setSelectedAndroid] = useState(null);\n  const [searchQuery, setSearchQuery] = useState('');\n  const [currentPage, setCurrentPage] = useState(1);\n  const androidsPerPage = 6;\n\n  // Android data with added purpose/task, work field\n  const androids = [\n    {\n      id: 1,\n      model: \"XR-7\",\n      capabilities: [\"Scanning\", \"Analysis\", \"Communication\"],\n      softwareVersion: \"2.3.1\",\n      lastUpdate: \"2025-05-12\",\n      organization: \"MilTech Industries\",\n      organizationWebsite: \"\",\n      status: \"Active\",\n      location: \"Sector 7-B\",\n      purpose: \"Strategic reconnaissance and data analysis in field conditions\",\n      field: \"Analysis and Intelligence\"\n    },\n    {\n      id: 2,\n      model: \"Guardian-9\",\n      capabilities: [\"Security\", \"Recognition\", \"Protection\"],\n      softwareVersion: \"3.1.0\",\n      lastUpdate: \"2025-06-03\",\n      organization: \"Defense Robotics\",\n      organizationWebsite: \"\",\n      status: \"Active\",\n      location: \"Sector 3-A\",\n      purpose: \"Ensuring security of facilities and personnel\",\n      field: \"Security and Protection\"\n    },\n    {\n      id: 3,\n      model: \"MediBot-3\",\n      capabilities: [\"Diagnostics\", \"First Aid\", \"Monitoring\"],\n      softwareVersion: \"4.2.5\",\n      lastUpdate: \"2025-06-15\",\n      organization: \"MediTech Solutions\",\n      organizationWebsite: \"\",\n      status: \"Active\",\n      location: \"Medical Block\",\n      purpose: \"Providing medical assistance and monitoring patient condition\",\n      field: \"Medicine\"\n    },\n    {\n      id: 4,\n      model: \"Psycho-Interface X\",\n      capabilities: [\"Emotional Analysis\", \"Psychotherapy\", \"Communication\"],\n      softwareVersion: \"5.0.2\",\n      lastUpdate: \"2025-05-28\",\n      organization: \"NeuroSystems\",\n      organizationWebsite: \"\",\n      status: \"Inactive\",\n      location: \"Maintenance\",\n      purpose: \"Psychological support and mental state analysis\",\n      field: \"Psychology\"\n    },\n    {\n      id: 5,\n      model: \"ChatAssist Pro\",\n      capabilities: [\"Natural Language\", \"Information Search\", \"Assistance\"],\n      softwareVersion: \"6.1.8\",\n      lastUpdate: \"2025-06-10\",\n      organization: \"AI Communications\",\n      organizationWebsite: \"\",\n      status: \"Active\",\n      location: \"Administrative Sector\",\n      purpose: \"Providing communication support and information assistance\",\n      field: \"Chat Assistant\"\n    },\n    {\n      id: 6,\n      model: \"Tactical-7\",\n      capabilities: [\"Strategic Planning\", \"Tactical Analysis\", \"Communication\"],\n      softwareVersion: \"3.8.4\",\n      lastUpdate: \"2025-05-20\",\n      organization: \"Military Systems\",\n      organizationWebsite: \"\",\n      status: \"Active\",\n      location: \"Command Center\",\n      purpose: \"Planning tactical operations and situation analysis\",\n      field: \"Tactical Planning\"\n    },\n    {\n      id: 7,\n      model: \"NanoTech-12\",\n      capabilities: [\"Nanotechnology\", \"Repair\", \"Analysis\"],\n      softwareVersion: \"7.3.2\",\n      lastUpdate: \"2025-06-01\",\n      organization: \"NanoCorp\",\n      organizationWebsite: \"\",\n      status: \"Active\",\n      location: \"Research Laboratory\",\n      purpose: \"Performing microscopic repair work and research\",\n      field: \"Nanotechnology\"\n    },\n    {\n      id: 8,\n      model: \"EcoMonitor-5\",\n      capabilities: [\"Environmental Monitoring\", \"Data Analysis\", \"Communication\"],\n      softwareVersion: \"2.9.7\",\n      lastUpdate: \"2025-05-18\",\n      organization: \"EcoSystems\",\n      organizationWebsite: \"\",\n      status: \"Active\",\n      location: \"Environmental Sector\",\n      purpose: \"Monitoring environmental parameters and analyzing surroundings\",\n      field: \"Environmental Monitoring\"\n    },\n    {\n      id: 9,\n      model: \"EduBot-4\",\n      capabilities: [\"Education\", \"Teaching\", \"Assessment\"],\n      softwareVersion: \"5.6.3\",\n      lastUpdate: \"2025-06-08\",\n      organization: \"EdTech\",\n      organizationWebsite: \"\",\n      status: \"Active\",\n      location: \"Educational Center\",\n      purpose: \"Providing educational services and knowledge assessment\",\n      field: \"Education\"\n    },\n    {\n      id: 10,\n      model: \"Logistics-3000\",\n      capabilities: [\"Inventory Management\", \"Planning\", \"Coordination\"],\n      softwareVersion: \"4.4.0\",\n      lastUpdate: \"2025-06-05\",\n      organization: \"LogiSystems\",\n      organizationWebsite: \"\",\n      status: \"Active\",\n      location: \"Warehouse Complex\",\n      purpose: \"Optimizing logistics processes and inventory management\",\n      field: \"Logistics\"\n    }\n  ];\n\n  // Filter androids by search query\n  const filteredAndroids = androids.filter(android => {\n    const searchLower = searchQuery.toLowerCase();\n    return (\n      android.model.toLowerCase().includes(searchLower) ||\n      android.organization.toLowerCase().includes(searchLower)\n    );\n  });\n\n  // Calculate number of pages\n  const totalPages = Math.ceil(filteredAndroids.length / androidsPerPage);\n\n  // Get androids for current page\n  const indexOfLastAndroid = currentPage * androidsPerPage;\n  const indexOfFirstAndroid = indexOfLastAndroid - androidsPerPage;\n  const currentAndroids = filteredAndroids.slice(indexOfFirstAndroid, indexOfLastAndroid);\n\n  // Function for pagination\n  const paginate = (pageNumber) => {\n    if (pageNumber >= 1 && pageNumber <= totalPages) {\n      setCurrentPage(pageNumber);\n    }\n  };\n\n  return (\n    <div style={{ \n      minHeight: '100vh', \n      background: '#0a0a14',\n      color: '#e6e6e6',\n      padding: '0',\n      fontFamily: \"'Roboto', 'Segoe UI', sans-serif\",\n      position: 'relative',\n      display: 'flex',\n      flexDirection: 'column'\n    }}>\n      {/* Top bar */}\n      <div style={{\n        backgroundColor: '#131326',\n        padding: '15px 20px',\n        display: 'flex',\n        alignItems: 'center',\n        boxShadow: '0 2px 5px rgba(0, 0, 0, 0.2)',\n        borderBottom: '1px solid #1f1f3a'\n      }}>\n        {/* Logo */}\n        <div style={{\n          width: '50px',\n          height: '50px',\n          backgroundColor: '#1e88e5',\n          display: 'flex',\n          justifyContent: 'center',\n          alignItems: 'center',\n          fontSize: '20px',\n          fontWeight: 'bold',\n          color: 'white',\n          borderRadius: '3px',\n          marginRight: '15px'\n        }}>\n          ADB\n        </div>\n        \n        <div style={{ flex: 1 }}>\n          <h1 style={{ \n            color: '#e0e0e0', \n            margin: '0',\n            fontSize: '1.6rem',\n            fontWeight: '500',\n            letterSpacing: '1px'\n          }}>\n            ANDROID DATABASE SYSTEM\n          </h1>\n          <div style={{\n            height: '2px',\n            background: '#1e88e5',\n            marginTop: '5px',\n            width: '150px'\n          }}></div>\n        </div>\n        \n        {/* Search bar */}\n        <div style={{\n          position: 'relative',\n          width: '300px'\n        }}>\n          <input\n            type=\"text\"\n            placeholder=\"Search by name or organization...\"\n            value={searchQuery}\n            onChange={(e) => {\n              setSearchQuery(e.target.value);\n              setCurrentPage(1);\n            }}\n            style={{\n              width: '100%',\n              padding: '10px 15px',\n              border: '1px solid #2d2d44',\n              backgroundColor: '#1a1a28',\n              color: '#e6e6e6',\n              fontSize: '14px',\n              fontFamily: \"'Roboto', 'Segoe UI', sans-serif\",\n              borderRadius: '4px',\n              transition: 'all 0.3s ease',\n            }}\n            onFocus={(e) => e.target.style.borderColor = '#1e88e5'}\n            onBlur={(e) => e.target.style.borderColor = '#2d2d44'}\n          />\n          <div style={{\n            position: 'absolute',\n            top: '50%',\n            right: '15px',\n            transform: 'translateY(-50%)',\n            color: '#888'\n          }}>🔍</div>\n        </div>\n      </div>\n      \n      {/* Main content */}\n      {view === 'list' && (\n        <div style={{ \n          flex: 1,\n          padding: '25px',\n          display: 'grid',\n          gridTemplateColumns: 'repeat(auto-fill, minmax(300px, 1fr))',\n          gap: '20px',\n          overflowY: 'auto',\n          background: 'linear-gradient(to bottom, #0a0a14, #121220)'\n        }}>\n          {currentAndroids.map(android => (\n            <div \n              key={android.id}\n              style={{\n                background: '#1a1a28',\n                padding: '20px',\n                borderRadius: '5px',\n                cursor: 'pointer',\n                transition: 'all 0.2s ease',\n                border: '1px solid #2d2d44',\n                position: 'relative',\n                boxShadow: '0 2px 8px rgba(0, 0, 0, 0.1)'\n              }}\n              onClick={() => {\n                setSelectedAndroid(android);\n                setView('details');\n              }}\n              onMouseOver={(e) => {\n                e.currentTarget.style.transform = 'translateY(-2px)';\n                e.currentTarget.style.boxShadow = '0 4px 12px rgba(0, 0, 0, 0.15)';\n                e.currentTarget.style.borderColor = '#1e88e5';\n              }}\n              onMouseOut={(e) => {\n                e.currentTarget.style.transform = 'translateY(0)';\n                e.currentTarget.style.boxShadow = '0 2px 8px rgba(0, 0, 0, 0.1)';\n                e.currentTarget.style.borderColor = '#2d2d44';\n              }}\n            >\n              {/* Status indicator */}\n              <div style={{\n                position: 'absolute',\n                top: 0,\n                left: 0,\n                right: 0,\n                height: '4px',\n                background: android.status === 'Active' ? \n                  '#4CAF50' : \n                  '#f44336'\n              }}></div>\n              \n              <h3 style={{ \n                color: '#e0e0e0', \n                margin: '0 0 15px 0',\n                fontWeight: '500',\n                fontSize: '1.2rem'\n              }}>\n                {android.model}\n              </h3>\n              \n              <div style={{ \n                display: 'flex',\n                justifyContent: 'space-between',\n                marginBottom: '15px'\n              }}>\n                <div>\n                  <p style={{ \n                    color: '#bdbdbd', \n                    margin: '0 0 5px 0',\n                    fontSize: '0.9rem'\n                  }}>\n                    Software Version:\n                  </p>\n                  <p style={{ \n                    color: '#ffffff', \n                    margin: '0',\n                    fontWeight: '500'\n                  }}>\n                    {android.softwareVersion}\n                  </p>\n                </div>\n                <div>\n                  <p style={{ \n                    color: '#bdbdbd', \n                    margin: '0 0 5px 0',\n                    fontSize: '0.9rem',\n                    textAlign: 'right'\n                  }}>\n                    Last Update:\n                  </p>\n                  <p style={{ \n                    color: '#ffffff', \n                    margin: '0',\n                    fontSize: '0.9rem',\n                    textAlign: 'right'\n                  }}>\n                    {android.lastUpdate}\n                  </p>\n                </div>\n              </div>\n              \n              <div style={{ \n                display: 'flex',\n                justifyContent: 'space-between',\n                alignItems: 'center'\n              }}>\n                <div>\n                  <p style={{ \n                    color: '#bdbdbd', \n                    margin: '0 0 5px 0',\n                    fontSize: '0.9rem'\n                  }}>\n                    Organization:\n                  </p>\n                  <p style={{ \n                    color: '#ffffff', \n                    margin: '0',\n                    fontSize: '0.9rem'\n                  }}>\n                    {android.organization}\n                  </p>\n                </div>\n                <div style={{ \n                  padding: '4px 10px',\n                  backgroundColor: android.status === 'Active' ? \n                    'rgba(76, 175, 80, 0.2)' : \n                    'rgba(244, 67, 54, 0.2)',\n                  color: android.status === 'Active' ? '#4CAF50' : '#f44336',\n                  borderRadius: '3px',\n                  fontSize: '0.8rem',\n                  fontWeight: '500'\n                }}>\n                  {android.status}\n                </div>\n              </div>\n            </div>\n          ))}\n          \n          {/* Message if nothing found */}\n          {currentAndroids.length === 0 && (\n            <div style={{ \n              gridColumn: '1 / -1',\n              textAlign: 'center', \n              padding: '40px', \n              color: '#bdbdbd',\n              fontSize: '16px'\n            }}>\n              Nothing found for query \"{searchQuery}\"\n            </div>\n          )}\n          \n          {/* Pagination */}\n          {totalPages > 1 && (\n            <div style={{ \n              gridColumn: '1 / -1',\n              display: 'flex', \n              justifyContent: 'center', \n              marginTop: '30px',\n              gap: '10px'\n            }}>\n              <button\n                onClick={() => paginate(currentPage - 1)}\n                disabled={currentPage === 1}\n                style={{\n                  padding: '8px 15px',\n                  backgroundColor: currentPage === 1 ? '#2d2d44' : '#1a1a28',\n                  color: currentPage === 1 ? '#666' : '#e0e0e0',\n                  border: '1px solid ' + (currentPage === 1 ? '#333' : '#2d2d44'),\n                  borderRadius: '4px',\n                  cursor: currentPage === 1 ? 'not-allowed' : 'pointer',\n                  fontFamily: \"'Roboto', 'Segoe UI', sans-serif\",\n                  fontWeight: '500',\n                  transition: 'all 0.2s ease'\n                }}\n              >\n                Back\n              </button>\n              \n              <span style={{ \n                padding: '8px 15px',\n                backgroundColor: '#1e88e5',\n                color: 'white',\n                borderRadius: '4px',\n                fontFamily: \"'Roboto', 'Segoe UI', sans-serif\",\n                fontWeight: '500'\n              }}>\n                Page {currentPage} of {totalPages}\n              </span>\n              \n              <button\n                onClick={() => paginate(currentPage + 1)}\n                disabled={currentPage === totalPages}\n                style={{\n                  padding: '8px 15px',\n                  backgroundColor: currentPage === totalPages ? '#2d2d44' : '#1a1a28',\n                  color: currentPage === totalPages ? '#666' : '#e0e0e0',\n                  border: '1px solid ' + (currentPage === totalPages ? '#333' : '#2d2d44'),\n                  borderRadius: '4px',\n                  cursor: currentPage === totalPages ? 'not-allowed' : 'pointer',\n                  fontFamily: \"'Roboto', 'Segoe UI', sans-serif\",\n                  fontWeight: '500',\n                  transition: 'all 0.2s ease'\n                }}\n              >\n                Next\n              </button>\n            </div>\n          )}\n        </div>\n      )}\n\n      {view === 'details' && selectedAndroid && (\n        <div style={{ \n          flex: 1,\n          padding: '25px',\n          background: 'linear-gradient(to bottom, #0a0a14, #121220)',\n          display: 'flex',\n          justifyContent: 'center',\n          alignItems: 'center'\n        }}>\n          <div style={{ \n            background: '#1a1a28',\n            padding: '30px',\n            borderRadius: '8px',\n            maxWidth: '800px',\n            width: '90%',\n            position: 'relative',\n            border: '1px solid #2d2d44',\n            boxShadow: '0 4px 12px rgba(0, 0, 0, 0.2)'\n          }}>\n            {/* Status indicator */}\n            <div style={{\n              position: 'absolute',\n              top: 0,\n              left: 0,\n              right: 0,\n              height: '4px',\n              background: selectedAndroid.status === 'Active' ? '#4CAF50' : '#f44336'\n            }}></div>\n            \n            {/* Close button */}\n            <button \n              onClick={() => setView('list')}\n              style={{\n                position: 'absolute',\n                top: '15px',\n                right: '15px',\n                background: '#2d2d44',\n                border: '1px solid #444',\n                color: '#e0e0e0',\n                fontSize: '18px',\n                cursor: 'pointer',\n                padding: '5px 12px',\n                borderRadius: '4px',\n                fontFamily: \"'Roboto', 'Segoe UI', sans-serif\",\n                transition: 'all 0.2s ease'\n              }}\n              onMouseOver={(e) => e.currentTarget.style.backgroundColor = '#333'}\n              onMouseOut={(e) => e.currentTarget.style.backgroundColor = '#2d2d44'}\n            >\n              ×\n            </button>\n            \n            <h2 style={{ \n              color: '#e0e0e0', \n              margin: '0 0 30px 0',\n              textAlign: 'center',\n              fontSize: '1.6rem',\n              fontWeight: '500',\n              borderBottom: '1px solid #2d2d44',\n              paddingBottom: '15px'\n            }}>\n              Android Details: {selectedAndroid.model}\n            </h2>\n            \n            <div style={{ \n              display: 'grid',\n              gridTemplateColumns: '1fr 1fr',\n              gap: '20px',\n              marginBottom: '30px'\n            }}>\n              <div>\n                <p style={{ \n                  color: '#bdbdbd', \n                  margin: '0 0 8px 0',\n                  fontSize: '0.9rem',\n                  textTransform: 'uppercase',\n                  letterSpacing: '1px'\n                }}>\n                  Model:\n                </p>\n                <p style={{ \n                  margin: '0',\n                  fontSize: '1.1rem',\n                  fontWeight: '500',\n                  color: '#ffffff'\n                }}>\n                  {selectedAndroid.model}\n                </p>\n              </div>\n              \n              <div>\n                <p style={{ \n                  color: '#bdbdbd', \n                  margin: '0 0 8px 0',\n                  fontSize: '0.9rem',\n                  textTransform: 'uppercase',\n                  letterSpacing: '1px'\n                }}>\n                  Software Version:\n                </p>\n                <p style={{ \n                  margin: '0',\n                  fontSize: '1.1rem',\n                  fontWeight: '500',\n                  color: '#ffffff'\n                }}>\n                  {selectedAndroid.softwareVersion}\n                </p>\n              </div>\n              \n              <div>\n                <p style={{ \n                  color: '#bdbdbd', \n                  margin: '0 0 8px 0',\n                  fontSize: '0.9rem',\n                  textTransform: 'uppercase',\n                  letterSpacing: '1px'\n                }}>\n                  Last Update:\n                </p>\n                <p style={{ \n                  margin: '0',\n                  fontSize: '1.1rem',\n                  fontWeight: '500',\n                  color: '#ffffff'\n                }}>\n                  {selectedAndroid.lastUpdate}\n                </p>\n              </div>\n              \n              <div>\n                <p style={{ \n                  color: '#bdbdbd', \n                  margin: '0 0 8px 0',\n                  fontSize: '0.9rem',\n                  textTransform: 'uppercase',\n                  letterSpacing: '1px'\n                }}>\n                  Organization:\n                </p>\n                <p style={{ \n                  margin: '0',\n                  fontSize: '1.1rem',\n                  fontWeight: '500',\n                  color: '#ffffff'\n                }}>\n                  {selectedAndroid.organization}\n                </p>\n              </div>\n              \n              <div>\n                <p style={{ \n                  color: '#bdbdbd', \n                  margin: '0 0 8px 0',\n                  fontSize: '0.9rem',\n                  textTransform: 'uppercase',\n                  letterSpacing: '1px'\n                }}>\n                  Organization Website:\n                </p>\n                <a \n                  href=\"#\" \n                  style={{ \n                    margin: '0', \n                    color: '#1e88e5',\n                    textDecoration: 'none',\n                    fontSize: '1.1rem',\n                    fontWeight: '500',\n                    display: 'block'\n                  }}\n                  target=\"_blank\"\n                  rel=\"noopener noreferrer\"\n                >\n                  {selectedAndroid.organizationWebsite || \"N/A\"}\n                </a>\n              </div>\n              \n              <div>\n                <p style={{ \n                  color: '#bdbdbd', \n                  margin: '0 0 8px 0',\n                  fontSize: '0.9rem',\n                  textTransform: 'uppercase',\n                  letterSpacing: '1px'\n                }}>\n                  Status:\n                </p>\n                <p style={{ \n                  margin: '0',\n                  fontSize: '1.1rem',\n                  fontWeight: '500',\n                  color: selectedAndroid.status === 'Active' ? '#4CAF50' : '#f44336'\n                }}>\n                  {selectedAndroid.status}\n                </p>\n              </div>\n              \n              <div>\n                <p style={{ \n                  color: '#bdbdbd', \n                  margin: '0 0 8px 0',\n                  fontSize: '0.9rem',\n                  textTransform: 'uppercase',\n                  letterSpacing: '1px'\n                }}>\n                  Field of Work:\n                </p>\n                <p style={{ \n                  margin: '0',\n                  fontSize: '1.1rem',\n                  fontWeight: '500',\n                  color: '#ffffff'\n                }}>\n                  {selectedAndroid.field}\n                </p>\n              </div>\n              \n              <div>\n                <p style={{ \n                  color: '#bdbdbd', \n                  margin: '0 0 8px 0',\n                  fontSize: '0.9rem',\n                  textTransform: 'uppercase',\n                  letterSpacing: '1px'\n                }}>\n                  Purpose/Task:\n                </p>\n                <p style={{ \n                  margin: '0',\n                  fontSize: '1.1rem',\n                  fontWeight: '500',\n                  color: '#ffffff'\n                }}>\n                  {selectedAndroid.purpose}\n                </p>\n              </div>\n            </div>\n            \n            <div style={{ marginBottom: '30px' }}>\n              <p style={{ \n                color: '#bdbdbd', \n                margin: '0 0 15px 0',\n                fontSize: '0.9rem',\n                textTransform: 'uppercase',\n                letterSpacing: '1px'\n              }}>\n                Capabilities:\n              </p>\n              <div style={{ \n                display: 'flex',\n                flexWrap: 'wrap',\n                gap: '10px'\n              }}>\n                {selectedAndroid.capabilities.map((cap, index) => (\n                  <div key={index} style={{ \n                    padding: '8px 15px',\n                    backgroundColor: 'rgba(30, 136, 229, 0.1)',\n                    border: '1px solid rgba(30, 136, 229, 0.3)',\n                    borderRadius: '4px',\n                    fontSize: '0.9rem',\n                    color: '#1e88e5'\n                  }}>\n                    {cap}\n                  </div>\n                ))}\n              </div>\n            </div>\n            \n            <div>\n              <p style={{ \n                color: '#bdbdbd', \n                margin: '0 0 8px 0',\n                fontSize: '0.9rem',\n                textTransform: 'uppercase',\n                letterSpacing: '1px'\n              }}>\n                Location:\n              </p>\n              <p style={{ \n                margin: '0',\n                fontSize: '1.1rem',\n                fontWeight: '500',\n                color: '#ffffff'\n              }}>\n                {selectedAndroid.location}\n              </p>\n            </div>\n          </div>\n        </div>\n      )}\n    </div>\n  );\n}\n\nexport default App;"
  },
  "stylesheets": [],
  "scripts": [],
  "cssPreset": "",
  "imports": {},
  "types": {},
  "tests": {
    "language": "typescript",
    "content": ""
  },
  "tools": {
    "enabled": "all",
    "active": "console",
    "status": "closed"
  },
  "zoom": 1,
  "processors": [],
  "customSettings": {},
  "useTabs": false,
  "tabSize": 2,
  "lineNumbers": true,
  "wordWrap": false,
  "closeBrackets": true,
  "foldRegions": false,
  "semicolons": true,
  "singleQuote": false,
  "trailingComma": true,
  "emmet": true,
  "enableAI": false,
  "version": "46"
}