{
  "title": "Untitled Project",
  "description": "",
  "head": "<meta charset=\"UTF-8\" />\n<meta name=\"viewport\" content=\"width=device-width, initial-scale=1.0\" />",
  "htmlAttrs": "lang=\"en\" class=\"\"",
  "tags": [],
  "autoupdate": true,
  "autosave": false,
  "autotest": false,
  "delay": 1500,
  "formatOnsave": false,
  "view": "split",
  "mode": "full",
  "theme": "dark",
  "layout": "responsive",
  "recoverUnsaved": true,
  "showSpacing": false,
  "welcome": true,
  "readonly": false,
  "allowLangChange": true,
  "activeEditor": "script",
  "markup": {
    "language": "html",
    "content": ""
  },
  "style": {
    "language": "css",
    "content": ".container,\n.container button {\n  text-align: center;\n  font: 1em sans-serif;\n}\n.logo {\n  width: 150px;\n}\n"
  },
  "script": {
    "language": "react",
    "content": "import React, { useState } from 'react';\n\nfunction App() {\n  const [view, setView] = useState('list');\n  const [selectedAndroid, setSelectedAndroid] = useState(null);\n  const [searchQuery, setSearchQuery] = useState('');\n  const [currentPage, setCurrentPage] = useState(1);\n  const androidsPerPage = 5;\n\n  // Android data with added purpose/task and work field\n  const androids = [\n    {\n      id: 1,\n      model: \"XR-7\",\n      capabilities: [\"Scanning\", \"Analysis\", \"Communication\"],\n      softwareVersion: \"2.3.1\",\n      lastUpdate: \"2025-05-12\",\n      organization: \"MilTech Industries\",\n      organizationWebsite: \"\",\n      status: \"Active\",\n      location: \"Sector 7-B\",\n      purpose: \"Strategic reconnaissance and data analysis in field conditions\",\n      field: \"Analysis and Intelligence\"\n    },\n    {\n      id: 2,\n      model: \"Guardian-9\",\n      capabilities: [\"Security\", \"Recognition\", \"Protection\"],\n      softwareVersion: \"3.1.0\",\n      lastUpdate: \"2025-06-03\",\n      organization: \"Defense Robotics\",\n      organizationWebsite: \"\",\n      status: \"Active\",\n      location: \"Sector 3-A\",\n      purpose: \"Ensuring security of facilities and personnel\",\n      field: \"Security and Protection\"\n    },\n    {\n      id: 3,\n      model: \"MediBot-3\",\n      capabilities: [\"Diagnostics\", \"First Aid\", \"Monitoring\"],\n      softwareVersion: \"4.2.5\",\n      lastUpdate: \"2025-06-15\",\n      organization: \"MediTech Solutions\",\n      organizationWebsite: \"\",\n      status: \"Active\",\n      location: \"Medical Block\",\n      purpose: \"Providing medical assistance and monitoring patient condition\",\n      field: \"Medicine\"\n    },\n    {\n      id: 4,\n      model: \"Psycho-Interface X\",\n      capabilities: [\"Emotional Analysis\", \"Psychotherapy\", \"Communication\"],\n      softwareVersion: \"5.0.2\",\n      lastUpdate: \"2025-05-28\",\n      organization: \"NeuroSystems\",\n      organizationWebsite: \"\",\n      status: \"Inactive\",\n      location: \"Maintenance\",\n      purpose: \"Psychological support and analysis of mental state\",\n      field: \"Psychology\"\n    },\n    {\n      id: 5,\n      model: \"ChatAssist Pro\",\n      capabilities: [\"Natural Language\", \"Information Search\", \"Assistance\"],\n      softwareVersion: \"6.1.8\",\n      lastUpdate: \"2025-06-10\",\n      organization: \"AI Communications\",\n      organizationWebsite: \"\",\n      status: \"Active\",\n      location: \"Administrative Sector\",\n      purpose: \"Providing communication support and information assistance\",\n      field: \"Chat Assistant\"\n    },\n    {\n      id: 6,\n      model: \"Tactical-7\",\n      capabilities: [\"Strategic Planning\", \"Tactical Analysis\", \"Communication\"],\n      softwareVersion: \"3.8.4\",\n      lastUpdate: \"2025-05-20\",\n      organization: \"Military Systems\",\n      organizationWebsite: \"\",\n      status: \"Active\",\n      location: \"Command Center\",\n      purpose: \"Planning tactical operations and situation analysis\",\n      field: \"Tactical Planning\"\n    },\n    {\n      id: 7,\n      model: \"NanoTech-12\",\n      capabilities: [\"Nanotechnology\", \"Repair\", \"Analysis\"],\n      softwareVersion: \"7.3.2\",\n      lastUpdate: \"2025-06-01\",\n      organization: \"NanoCorp\",\n      organizationWebsite: \"\",\n      status: \"Active\",\n      location: \"Research Laboratory\",\n      purpose: \"Performing microscopic repair work and research\",\n      field: \"Nanotechnology\"\n    },\n    {\n      id: 8,\n      model: \"EcoMonitor-5\",\n      capabilities: [\"Environmental Monitoring\", \"Data Analysis\", \"Communication\"],\n      softwareVersion: \"2.9.7\",\n      lastUpdate: \"2025-05-18\",\n      organization: \"EcoSystems\",\n      organizationWebsite: \"\",\n      status: \"Active\",\n      location: \"Environmental Sector\",\n      purpose: \"Monitoring environmental parameters and analyzing surroundings\",\n      field: \"Environmental Monitoring\"\n    },\n    {\n      id: 9,\n      model: \"EduBot-4\",\n      capabilities: [\"Education\", \"Teaching\", \"Assessment\"],\n      softwareVersion: \"5.6.3\",\n      lastUpdate: \"2025-06-08\",\n      organization: \"EdTech\",\n      organizationWebsite: \"\",\n      status: \"Active\",\n      location: \"Educational Center\",\n      purpose: \"Providing educational services and knowledge assessment\",\n      field: \"Education\"\n    },\n    {\n      id: 10,\n      model: \"Logistics-3000\",\n      capabilities: [\"Inventory Management\", \"Planning\", \"Coordination\"],\n      softwareVersion: \"4.4.0\",\n      lastUpdate: \"2025-06-05\",\n      organization: \"LogiSystems\",\n      organizationWebsite: \"\",\n      status: \"Active\",\n      location: \"Warehouse Complex\",\n      purpose: \"Optimizing logistics processes and inventory management\",\n      field: \"Logistics\"\n    }\n  ];\n\n  // Filter androids by search query\n  const filteredAndroids = androids.filter(android => {\n    const searchLower = searchQuery.toLowerCase();\n    return (\n      android.model.toLowerCase().includes(searchLower) ||\n      android.organization.toLowerCase().includes(searchLower)\n    );\n  });\n\n  // Calculate number of pages\n  const totalPages = Math.ceil(filteredAndroids.length / androidsPerPage);\n\n  // Get androids for current page\n  const indexOfLastAndroid = currentPage * androidsPerPage;\n  const indexOfFirstAndroid = indexOfLastAndroid - androidsPerPage;\n  const currentAndroids = filteredAndroids.slice(indexOfFirstAndroid, indexOfLastAndroid);\n\n  // Function for pagination\n  const paginate = (pageNumber) => {\n    if (pageNumber >= 1 && pageNumber <= totalPages) {\n      setCurrentPage(pageNumber);\n    }\n  };\n\n  return (\n    <div style={{ \n      minHeight: '100vh', \n      background: 'linear-gradient(135deg, #f5f7fa 0%, #c3cfe2 100%)',\n      color: '#333',\n      padding: '20px',\n      fontFamily: \"'Segoe UI', Tahoma, Geneva, Verdana, sans-serif\",\n      position: 'relative'\n    }}>\n      {/* Organization logo in top left corner */}\n      <div style={{\n        position: 'absolute',\n        top: '20px',\n        left: '20px',\n        width: '60px',\n        height: '60px',\n        backgroundColor: '#4285f4',\n        borderRadius: '50%',\n        display: 'flex',\n        justifyContent: 'center',\n        alignItems: 'center',\n        fontSize: '10px', // Small font\n        fontWeight: 'bold',\n        boxShadow: '0 4px 6px rgba(50, 50, 93, 0.11), 0 1px 3px rgba(0, 0, 0, 0.08)',\n        zIndex: 100\n      }}>\n        (organization logo)\n      </div>\n      \n      <h1 style={{ \n        color: '#4285f4', \n        textAlign: 'center',\n        fontWeight: '300',\n        letterSpacing: '1px',\n        marginBottom: '30px'\n      }}>\n        ANDROID DATABASE SYSTEM\n      </h1>\n      \n      {view === 'list' && (\n        <div style={{ \n          background: 'white',\n          padding: '25px',\n          borderRadius: '15px',\n          marginTop: '20px',\n          boxShadow: '0 7px 14px rgba(50, 50, 93, 0.1), 0 3px 6px rgba(0, 0, 0, 0.08)',\n          maxWidth: '1000px',\n          margin: '20px auto'\n        }}>\n          <h2 style={{ \n            textAlign: 'center',\n            color: '#555',\n            fontWeight: '400',\n            marginBottom: '25px'\n          }}>\n            ANDROID DATABASE\n          </h2>\n          \n          {/* Search field */}\n          <div style={{ marginBottom: '30px' }}>\n            <input\n              type=\"text\"\n              placeholder=\"Search by name or organization...\"\n              value={searchQuery}\n              onChange={(e) => {\n                setSearchQuery(e.target.value);\n                setCurrentPage(1); // Reset to first page on new search\n              }}\n              style={{\n                width: '100%',\n                padding: '12px 15px',\n                borderRadius: '8px',\n                border: '1px solid #e6e6e6',\n                backgroundColor: 'white',\n                color: '#333',\n                fontSize: '16px',\n                transition: 'all 0.3s ease',\n                boxSizing: 'border-box',\n              }}\n              onFocus={(e) => e.target.style.border = '1px solid #4285f4'}\n              onBlur={(e) => e.target.style.border = '1px solid #e6e6e6'}\n            />\n          </div>\n          \n          <div style={{ \n            display: 'grid',\n            gridTemplateColumns: '1fr',\n            gap: '15px',\n          }}>\n            {currentAndroids.map(android => (\n              <div \n                key={android.id}\n                style={{\n                  background: 'white',\n                  padding: '20px',\n                  borderRadius: '10px',\n                  cursor: 'pointer',\n                  display: 'flex',\n                  justifyContent: 'space-between',\n                  alignItems: 'center',\n                  boxShadow: '0 4px 6px rgba(50, 50, 93, 0.1), 0 1px 3px rgba(0, 0, 0, 0.08)',\n                  transition: 'all 0.3s ease',\n                  border: '1px solid #f0f0f0'\n                }}\n                onClick={() => {\n                  setSelectedAndroid(android);\n                  setView('details');\n                }}\n                onMouseOver={(e) => {\n                  e.currentTarget.style.transform = 'translateY(-2px)';\n                  e.currentTarget.style.boxShadow = '0 7px 14px rgba(50, 50, 93, 0.1), 0 3px 6px rgba(0, 0, 0, 0.08)';\n                }}\n                onMouseOut={(e) => {\n                  e.currentTarget.style.transform = 'translateY(0)';\n                  e.currentTarget.style.boxShadow = '0 4px 6px rgba(50, 50, 93, 0.1), 0 1px 3px rgba(0, 0, 0, 0.08)';\n                }}\n              >\n                <div>\n                  <h3 style={{ \n                    color: '#4285f4', \n                    margin: '0 0 10px 0',\n                    fontWeight: '500'\n                  }}>\n                    {android.model}\n                  </h3>\n                  <p style={{ margin: '0', color: '#666' }}>\n                    Software Version: {android.softwareVersion}\n                  </p>\n                </div>\n                <div style={{ \n                  color: android.status === 'Active' ? '#34a853' : '#ea4335',\n                  fontWeight: 'bold',\n                  padding: '5px 10px',\n                  borderRadius: '20px',\n                  backgroundColor: android.status === 'Active' ? 'rgba(52, 168, 83, 0.1)' : 'rgba(234, 67, 53, 0.1)',\n                  fontSize: '14px'\n                }}>\n                  {android.status}\n                </div>\n              </div>\n            ))}\n            \n            {/* Message if nothing found */}\n            {currentAndroids.length === 0 && (\n              <div style={{ \n                textAlign: 'center', \n                padding: '30px', \n                color: '#777',\n                fontSize: '16px'\n              }}>\n                Nothing found for query \"{searchQuery}\"\n              </div>\n            )}\n          </div>\n          \n          {/* Pagination */}\n          {totalPages > 1 && (\n            <div style={{ \n              display: 'flex', \n              justifyContent: 'center', \n              marginTop: '30px',\n              gap: '10px'\n            }}>\n              <button\n                onClick={() => paginate(currentPage - 1)}\n                disabled={currentPage === 1}\n                style={{\n                  padding: '8px 15px',\n                  backgroundColor: currentPage === 1 ? '#e0e0e0' : '#f1f3f4',\n                  color: '#333',\n                  border: 'none',\n                  borderRadius: '5px',\n                  cursor: currentPage === 1 ? 'not-allowed' : 'pointer',\n                  fontWeight: '500',\n                  boxShadow: '0 2px 4px rgba(0,0,0,0.1)',\n                  transition: 'all 0.2s ease'\n                }}\n              >\n                Back\n              </button>\n              \n              <span style={{ \n                padding: '8px 15px',\n                backgroundColor: '#4285f4',\n                color: 'white',\n                borderRadius: '5px',\n                fontWeight: '500',\n                boxShadow: '0 2px 4px rgba(66, 133, 244, 0.3)'\n              }}>\n                Page {currentPage} of {totalPages}\n              </span>\n              \n              <button\n                onClick={() => paginate(currentPage + 1)}\n                disabled={currentPage === totalPages}\n                style={{\n                  padding: '8px 15px',\n                  backgroundColor: currentPage === totalPages ? '#e0e0e0' : '#f1f3f4',\n                  color: '#333',\n                  border: 'none',\n                  borderRadius: '5px',\n                  cursor: currentPage === totalPages ? 'not-allowed' : 'pointer',\n                  fontWeight: '500',\n                  boxShadow: '0 2px 4px rgba(0,0,0,0.1)',\n                  transition: 'all 0.2s ease'\n                }}\n              >\n                Next\n              </button>\n            </div>\n          )}\n        </div>\n      )}\n\n      {view === 'details' && selectedAndroid && (\n        <div style={{ \n          background: 'white',\n          padding: '25px',\n          borderRadius: '15px',\n          marginTop: '20px',\n          boxShadow: '0 7px 14px rgba(50, 50, 93, 0.1), 0 3px 6px rgba(0, 0, 0, 0.08)',\n          maxWidth: '800px',\n          margin: '20px auto',\n          position: 'relative'\n        }}>\n          {/* Organization logo in top left corner on details screen */}\n          <div style={{\n            position: 'absolute',\n            top: '20px',\n            left: '20px',\n            width: '60px',\n            height: '60px',\n            backgroundColor: '#4285f4',\n            borderRadius: '50%',\n            display: 'flex',\n            justifyContent: 'center',\n            alignItems: 'center',\n            fontSize: '10px', // Small font\n            fontWeight: 'bold',\n            boxShadow: '0 4px 6px rgba(50, 50, 93, 0.11), 0 1px 3px rgba(0, 0, 0, 0.08)',\n            zIndex: 100\n          }}>\n            (organization logo)\n          </div>\n          \n          <h2 style={{ \n            textAlign: 'center',\n            color: '#555',\n            fontWeight: '400',\n            marginBottom: '30px',\n            paddingTop: '10px'\n          }}>\n            ANDROID DETAILS: {selectedAndroid.model}\n          </h2>\n          \n          <div style={{ \n            display: 'grid',\n            gridTemplateColumns: '1fr 1fr',\n            gap: '25px',\n            marginBottom: '20px'\n          }}>\n            <div>\n              <p style={{ color: '#4285f4', marginBottom: '5px', fontWeight: '500' }}>Model:</p>\n              <p style={{ margin: '0', padding: '10px', backgroundColor: '#f8f9fa', borderRadius: '5px' }}>\n                {selectedAndroid.model}\n              </p>\n            </div>\n            <div>\n              <p style={{ color: '#4285f4', marginBottom: '5px', fontWeight: '500' }}>Software Version:</p>\n              <p style={{ margin: '0', padding: '10px', backgroundColor: '#f8f9fa', borderRadius: '5px' }}>\n                {selectedAndroid.softwareVersion}\n              </p>\n            </div>\n            <div>\n              <p style={{ color: '#4285f4', marginBottom: '5px', fontWeight: '500' }}>Last Update:</p>\n              <p style={{ margin: '0', padding: '10px', backgroundColor: '#f8f9fa', borderRadius: '5px' }}>\n                {selectedAndroid.lastUpdate}\n              </p>\n            </div>\n            <div>\n              <p style={{ color: '#4285f4', marginBottom: '5px', fontWeight: '500' }}>Organization:</p>\n              <p style={{ margin: '0', padding: '10px', backgroundColor: '#f8f9fa', borderRadius: '5px' }}>\n                {selectedAndroid.organization}\n              </p>\n            </div>\n            <div>\n              <p style={{ color: '#4285f4', marginBottom: '5px', fontWeight: '500' }}>Organization Website:</p>\n              <a \n                href=\"#\" \n                style={{ \n                  margin: '0', \n                  padding: '10px', \n                  backgroundColor: '#f8f9fa', \n                  borderRadius: '5px',\n                  color: '#34a853',\n                  textDecoration: 'none',\n                  display: 'block'\n                }}\n                target=\"_blank\"\n                rel=\"noopener noreferrer\"\n              >\n                {selectedAndroid.organizationWebsite || \"N/A\"}\n              </a>\n            </div>\n            <div>\n              <p style={{ color: '#4285f4', marginBottom: '5px', fontWeight: '500' }}>Status:</p>\n              <p style={{ \n                margin: '0', \n                padding: '10px', \n                backgroundColor: '#f8f9fa', \n                borderRadius: '5px',\n                color: selectedAndroid.status === 'Active' ? '#34a853' : '#ea4335',\n                fontWeight: 'bold'\n              }}>\n                {selectedAndroid.status}\n              </p>\n            </div>\n            <div>\n              <p style={{ color: '#4285f4', marginBottom: '5px', fontWeight: '500' }}>Field of Work:</p>\n              <p style={{ margin: '0', padding: '10px', backgroundColor: '#f8f9fa', borderRadius: '5px' }}>\n                {selectedAndroid.field}\n              </p>\n            </div>\n            <div>\n              <p style={{ color: '#4285f4', marginBottom: '5px', fontWeight: '500' }}>Purpose/Task:</p>\n              <p style={{ margin: '0', padding: '10px', backgroundColor: '#f8f9fa', borderRadius: '5px' }}>\n                {selectedAndroid.purpose}\n              </p>\n            </div>\n          </div>\n          \n          <div style={{ \n            marginTop: '20px',\n            marginBottom: '30px'\n          }}>\n            <p style={{ color: '#4285f4', marginBottom: '10px', fontWeight: '500' }}>Capabilities:</p>\n            <ul style={{ \n              paddingLeft: '20px', \n              margin: '0',\n              display: 'grid',\n              gridTemplateColumns: 'repeat(3, 1fr)',\n              gap: '10px'\n            }}>\n              {selectedAndroid.capabilities.map((cap, index) => (\n                <li key={index} style={{ \n                  margin: '5px 0',\n                  padding: '8px 12px',\n                  backgroundColor: '#f8f9fa',\n                  borderRadius: '20px',\n                  listStyleType: 'none',\n                  textAlign: 'center',\n                  fontSize: '14px'\n                }}>\n                  {cap}\n                </li>\n              ))}\n            </ul>\n          </div>\n          \n          <div style={{ marginBottom: '30px' }}>\n            <p style={{ color: '#4285f4', marginBottom: '10px', fontWeight: '500' }}>Location:</p>\n            <p style={{ \n              margin: '0', \n              padding: '15px', \n              backgroundColor: '#f8f9fa', \n              borderRadius: '5px',\n              fontSize: '16px'\n            }}>\n              {selectedAndroid.location}\n            </p>\n          </div>\n          \n          <button \n            onClick={() => setView('list')}\n            style={{\n              backgroundColor: '#4285f4',\n              color: 'white',\n              border: 'none',\n              padding: '12px 25px',\n              marginTop: '10px',\n              cursor: 'pointer',\n              borderRadius: '5px',\n              fontWeight: '500',\n              display: 'block',\n              margin: '0 auto',\n              transition: 'background-color 0.3s ease'\n            }}\n          >\n            Back\n          </button>\n        </div>\n      )}\n    </div>\n  );\n}\n\nexport default App;"
  },
  "stylesheets": [],
  "scripts": [],
  "cssPreset": "",
  "imports": {},
  "types": {},
  "tests": {
    "language": "typescript",
    "content": ""
  },
  "tools": {
    "enabled": "all",
    "active": "console",
    "status": "closed"
  },
  "zoom": 1,
  "processors": [],
  "customSettings": {},
  "useTabs": false,
  "tabSize": 2,
  "lineNumbers": true,
  "wordWrap": false,
  "closeBrackets": true,
  "foldRegions": false,
  "semicolons": true,
  "singleQuote": false,
  "trailingComma": true,
  "emmet": true,
  "enableAI": false,
  "version": "46"
}