{
  "title": "Untitled Project",
  "description": "",
  "head": "<meta charset=\"UTF-8\" />\n<meta name=\"viewport\" content=\"width=device-width, initial-scale=1.0\" />",
  "htmlAttrs": "lang=\"en\" class=\"\"",
  "tags": [],
  "autoupdate": true,
  "autosave": false,
  "autotest": false,
  "delay": 1500,
  "formatOnsave": false,
  "view": "split",
  "mode": "full",
  "theme": "dark",
  "layout": "responsive",
  "recoverUnsaved": true,
  "showSpacing": false,
  "welcome": true,
  "readonly": false,
  "allowLangChange": true,
  "activeEditor": "script",
  "markup": {
    "language": "html",
    "content": ""
  },
  "style": {
    "language": "css",
    "content": ".container,\n.container button {\n  text-align: center;\n  font: 1em sans-serif;\n}\n.logo {\n  width: 150px;\n}\n"
  },
  "script": {
    "language": "react",
    "content": "import React, { useState } from 'react';\n\nfunction App() {\n  const [view, setView] = useState('list');\n  const [selectedAndroid, setSelectedAndroid] = useState(null);\n  const [searchQuery, setSearchQuery] = useState('');\n  const [currentPage, setCurrentPage] = useState(1);\n  const androidsPerPage = 5;\n\n  // Android data with added purpose/task and work field\n  const androids = [\n    {\n      id: 1,\n      model: \"XR-7\",\n      capabilities: [\"Scanning\", \"Analysis\", \"Communication\"],\n      softwareVersion: \"2.3.1\",\n      lastUpdate: \"2025-05-12\",\n      organization: \"MilTech Industries\",\n      organizationWebsite: \"\",\n      status: \"Active\",\n      location: \"Sector 7-B\",\n      purpose: \"Strategic reconnaissance and data analysis in field conditions\",\n      field: \"Analysis and Intelligence\"\n    },\n    {\n      id: 2,\n      model: \"Guardian-9\",\n      capabilities: [\"Security\", \"Recognition\", \"Protection\"],\n      softwareVersion: \"3.1.0\",\n      lastUpdate: \"2025-06-03\",\n      organization: \"Defense Robotics\",\n      organizationWebsite: \"\",\n      status: \"Active\",\n      location: \"Sector 3-A\",\n      purpose: \"Ensuring security of facilities and personnel\",\n      field: \"Security and Protection\"\n    },\n    {\n      id: 3,\n      model: \"MediBot-3\",\n      capabilities: [\"Diagnostics\", \"First Aid\", \"Monitoring\"],\n      softwareVersion: \"4.2.5\",\n      lastUpdate: \"2025-06-15\",\n      organization: \"MediTech Solutions\",\n      organizationWebsite: \"\",\n      status: \"Active\",\n      location: \"Medical Block\",\n      purpose: \"Providing medical assistance and monitoring patient condition\",\n      field: \"Medicine\"\n    },\n    {\n      id: 4,\n      model: \"Psycho-Interface X\",\n      capabilities: [\"Emotional Analysis\", \"Psychotherapy\", \"Communication\"],\n      softwareVersion: \"5.0.2\",\n      lastUpdate: \"2025-05-28\",\n      organization: \"NeuroSystems\",\n      organizationWebsite: \"\",\n      status: \"Inactive\",\n      location: \"Maintenance\",\n      purpose: \"Psychological support and analysis of mental state\",\n      field: \"Psychology\"\n    },\n    {\n      id: 5,\n      model: \"ChatAssist Pro\",\n      capabilities: [\"Natural Language\", \"Information Search\", \"Assistance\"],\n      softwareVersion: \"6.1.8\",\n      lastUpdate: \"2025-06-10\",\n      organization: \"AI Communications\",\n      organizationWebsite: \"\",\n      status: \"Active\",\n      location: \"Administrative Sector\",\n      purpose: \"Providing communication support and information assistance\",\n      field: \"Chat Assistant\"\n    },\n    {\n      id: 6,\n      model: \"Tactical-7\",\n      capabilities: [\"Strategic Planning\", \"Tactical Analysis\", \"Communication\"],\n      softwareVersion: \"3.8.4\",\n      lastUpdate: \"2025-05-20\",\n      organization: \"Military Systems\",\n      organizationWebsite: \"\",\n      status: \"Active\",\n      location: \"Command Center\",\n      purpose: \"Planning tactical operations and situation analysis\",\n      field: \"Tactical Planning\"\n    },\n    {\n      id: 7,\n      model: \"NanoTech-12\",\n      capabilities: [\"Nanotechnology\", \"Repair\", \"Analysis\"],\n      softwareVersion: \"7.3.2\",\n      lastUpdate: \"2025-06-01\",\n      organization: \"NanoCorp\",\n      organizationWebsite: \"\",\n      status: \"Active\",\n      location: \"Research Laboratory\",\n      purpose: \"Performing microscopic repair work and research\",\n      field: \"Nanotechnology\"\n    },\n    {\n      id: 8,\n      model: \"EcoMonitor-5\",\n      capabilities: [\"Environmental Monitoring\", \"Data Analysis\", \"Communication\"],\n      softwareVersion: \"2.9.7\",\n      lastUpdate: \"2025-05-18\",\n      organization: \"EcoSystems\",\n      organizationWebsite: \"\",\n      status: \"Active\",\n      location: \"Environmental Sector\",\n      purpose: \"Monitoring environmental parameters and analyzing surroundings\",\n      field: \"Environmental Monitoring\"\n    },\n    {\n      id: 9,\n      model: \"EduBot-4\",\n      capabilities: [\"Education\", \"Teaching\", \"Assessment\"],\n      softwareVersion: \"5.6.3\",\n      lastUpdate: \"2025-06-08\",\n      organization: \"EdTech\",\n      organizationWebsite: \"\",\n      status: \"Active\",\n      location: \"Educational Center\",\n      purpose: \"Providing educational services and knowledge assessment\",\n      field: \"Education\"\n    },\n    {\n      id: 10,\n      model: \"Logistics-3000\",\n      capabilities: [\"Inventory Management\", \"Planning\", \"Coordination\"],\n      softwareVersion: \"4.4.0\",\n      lastUpdate: \"2025-06-05\",\n      organization: \"LogiSystems\",\n      organizationWebsite: \"\",\n      status: \"Active\",\n      location: \"Warehouse Complex\",\n      purpose: \"Optimizing logistics processes and inventory management\",\n      field: \"Logistics\"\n    }\n  ];\n\n  // Filter androids by search query\n  const filteredAndroids = androids.filter(android => {\n    const searchLower = searchQuery.toLowerCase();\n    return (\n      android.model.toLowerCase().includes(searchLower) ||\n      android.organization.toLowerCase().includes(searchLower)\n    );\n  });\n\n  // Calculate number of pages\n  const totalPages = Math.ceil(filteredAndroids.length / androidsPerPage);\n\n  // Get androids for current page\n  const indexOfLastAndroid = currentPage * androidsPerPage;\n  const indexOfFirstAndroid = indexOfLastAndroid - androidsPerPage;\n  const currentAndroids = filteredAndroids.slice(indexOfFirstAndroid, indexOfLastAndroid);\n\n  // Function for pagination\n  const paginate = (pageNumber) => {\n    if (pageNumber >= 1 && pageNumber <= totalPages) {\n      setCurrentPage(pageNumber);\n    }\n  };\n\n  return (\n    <div style={{ \n      minHeight: '100vh', \n      background: '#1a1a2e', \n      color: '#e6e6e6',\n      padding: '20px',\n      fontFamily: 'Arial, sans-serif',\n      position: 'relative'\n    }}>\n      {/* Organization logo in top left corner */}\n      <div style={{\n        position: 'absolute',\n        top: '20px',\n        left: '20px',\n        width: '60px',\n        height: '60px',\n        backgroundColor: '#e94560',\n        borderRadius: '50%',\n        display: 'flex',\n        justifyContent: 'center',\n        alignItems: 'center',\n        fontSize: '10px', // Small font\n        fontWeight: 'bold',\n        boxShadow: '0 0 10px rgba(233, 69, 96, 0.5)',\n        zIndex: 100\n      }}>\n        (organization logo)\n      </div>\n      \n      <h1 style={{ color: '#e94560', textAlign: 'center' }}>ANDROID DATABASE SYSTEM</h1>\n      \n      {view === 'list' && (\n        <div style={{ \n          background: '#16213e', \n          padding: '20px', \n          borderRadius: '10px',\n          marginTop: '20px'\n        }}>\n          <h2 style={{ textAlign: 'center' }}>ANDROID DATABASE</h2>\n          \n          {/* Search field */}\n          <div style={{ marginBottom: '20px' }}>\n            <input\n              type=\"text\"\n              placeholder=\"Search by name or organization...\"\n              value={searchQuery}\n              onChange={(e) => {\n                setSearchQuery(e.target.value);\n                setCurrentPage(1); // Reset to first page on new search\n              }}\n              style={{\n                width: '100%',\n                padding: '10px',\n                borderRadius: '5px',\n                border: 'none',\n                backgroundColor: '#0f3460',\n                color: '#e6e6e6',\n                fontSize: '16px'\n              }}\n            />\n          </div>\n          \n          <div style={{ \n            display: 'grid',\n            gridTemplateColumns: '1fr',\n            gap: '10px',\n          }}>\n            {currentAndroids.map(android => (\n              <div \n                key={android.id}\n                style={{\n                  background: '#0f3460',\n                  padding: '15px',\n                  borderRadius: '5px',\n                  cursor: 'pointer',\n                  display: 'flex',\n                  justifyContent: 'space-between',\n                  alignItems: 'center'\n                }}\n                onClick={() => {\n                  setSelectedAndroid(android);\n                  setView('details');\n                }}\n              >\n                <div>\n                  <h3 style={{ color: '#e94560', margin: '0 0 10px 0' }}>{android.model}</h3>\n                  <p style={{ margin: '0' }}>Software Version: {android.softwareVersion}</p>\n                </div>\n                <div style={{ \n                  color: android.status === 'Active' ? '#4CAF50' : '#f44336',\n                  fontWeight: 'bold' \n                }}>\n                  {android.status}\n                </div>\n              </div>\n            ))}\n            \n            {/* Message if nothing found */}\n            {currentAndroids.length === 0 && (\n              <div style={{ textAlign: 'center', padding: '20px' }}>\n                Nothing found for query \"{searchQuery}\"\n              </div>\n            )}\n          </div>\n          \n          {/* Pagination */}\n          {totalPages > 1 && (\n            <div style={{ \n              display: 'flex', \n              justifyContent: 'center', \n              marginTop: '20px',\n              gap: '10px'\n            }}>\n              <button\n                onClick={() => paginate(currentPage - 1)}\n                disabled={currentPage === 1}\n                style={{\n                  padding: '5px 10px',\n                  backgroundColor: '#0f3460',\n                  color: '#e6e6e6',\n                  border: 'none',\n                  borderRadius: '3px',\n                  cursor: currentPage === 1 ? 'not-allowed' : 'pointer'\n                }}\n              >\n                Back\n              </button>\n              \n              <span style={{ \n                padding: '5px 10px',\n                backgroundColor: '#e94560',\n                color: 'white',\n                borderRadius: '3px'\n              }}>\n                Page {currentPage} of {totalPages}\n              </span>\n              \n              <button\n                onClick={() => paginate(currentPage + 1)}\n                disabled={currentPage === totalPages}\n                style={{\n                  padding: '5px 10px',\n                  backgroundColor: '#0f3460',\n                  color: '#e6e6e6',\n                  border: 'none',\n                  borderRadius: '3px',\n                  cursor: currentPage === totalPages ? 'not-allowed' : 'pointer'\n                }}\n              >\n                Next\n              </button>\n            </div>\n          )}\n        </div>\n      )}\n\n      {view === 'details' && selectedAndroid && (\n        <div style={{ \n          background: '#16213e', \n          padding: '20px', \n          borderRadius: '10px',\n          marginTop: '20px'\n        }}>\n          {/* Organization logo in top left corner on details screen */}\n          <div style={{\n            position: 'absolute',\n            top: '20px',\n            left: '20px',\n            width: '60px',\n            height: '60px',\n            backgroundColor: '#e94560',\n            borderRadius: '50%',\n            display: 'flex',\n            justifyContent: 'center',\n            alignItems: 'center',\n            fontSize: '10px', // Small font\n            fontWeight: 'bold',\n            boxShadow: '0 0 10px rgba(233, 69, 96, 0.5)',\n            zIndex: 100\n          }}>\n            (organization logo)\n          </div>\n          \n          <h2 style={{ textAlign: 'center' }}>ANDROID DETAILS: {selectedAndroid.model}</h2>\n          <div style={{ \n            display: 'grid',\n            gridTemplateColumns: '1fr 1fr',\n            gap: '15px',\n            marginTop: '20px'\n          }}>\n            <div>\n              <p style={{ color: '#e94560' }}>Model:</p>\n              <p>{selectedAndroid.model}</p>\n            </div>\n            <div>\n              <p style={{ color: '#e94560' }}>Software Version:</p>\n              <p>{selectedAndroid.softwareVersion}</p>\n            </div>\n            <div>\n              <p style={{ color: '#e94560' }}>Last Update:</p>\n              <p>{selectedAndroid.lastUpdate}</p>\n            </div>\n            <div>\n              <p style={{ color: '#e94560' }}>Organization:</p>\n              <p>{selectedAndroid.organization}</p>\n            </div>\n            <div>\n              <p style={{ color: '#e94560' }}>Organization Website:</p>\n              <a \n                href=\"#\" \n                style={{ color: '#4CAF50', textDecoration: 'none' }}\n                target=\"_blank\"\n                rel=\"noopener noreferrer\"\n              >\n                {selectedAndroid.organizationWebsite || \"N/A\"}\n              </a>\n            </div>\n            <div>\n              <p style={{ color: '#e94560' }}>Status:</p>\n              <p style={{ \n                color: selectedAndroid.status === 'Active' ? '#4CAF50' : '#f44336',\n                fontWeight: 'bold' \n              }}>{selectedAndroid.status}</p>\n            </div>\n            <div>\n              <p style={{ color: '#e94560' }}>Field of Work:</p>\n              <p>{selectedAndroid.field}</p>\n            </div>\n            <div>\n              <p style={{ color: '#e94560' }}>Purpose/Task:</p>\n              <p>{selectedAndroid.purpose}</p>\n            </div>\n            <div style={{ gridColumn: '1 / -1' }}>\n              <p style={{ color: '#e94560' }}>Capabilities:</p>\n              <ul style={{ paddingLeft: '20px' }}>\n                {selectedAndroid.capabilities.map((cap, index) => (\n                  <li key={index}>{cap}</li>\n                ))}\n              </ul>\n            </div>\n            <div style={{ gridColumn: '1 / -1' }}>\n              <p style={{ color: '#e94560' }}>Location:</p>\n              <p>{selectedAndroid.location}</p>\n            </div>\n          </div>\n          <button \n            onClick={() => setView('list')}\n            style={{\n              backgroundColor: '#e94560',\n              color: 'white',\n              border: 'none',\n              padding: '10px 20px',\n              marginTop: '20px',\n              cursor: 'pointer',\n              borderRadius: '5px'\n            }}\n          >\n            Back\n          </button>\n        </div>\n      )}\n    </div>\n  );\n}\n\nexport default App;"
  },
  "stylesheets": [],
  "scripts": [],
  "cssPreset": "",
  "imports": {},
  "types": {},
  "tests": {
    "language": "typescript",
    "content": ""
  },
  "tools": {
    "enabled": "all",
    "active": "console",
    "status": "closed"
  },
  "zoom": 1,
  "processors": [],
  "customSettings": {},
  "useTabs": false,
  "tabSize": 2,
  "lineNumbers": true,
  "wordWrap": false,
  "closeBrackets": true,
  "foldRegions": false,
  "semicolons": true,
  "singleQuote": false,
  "trailingComma": true,
  "emmet": true,
  "enableAI": false,
  "version": "46"
}